permitnumber,permittype,permitdescription,typeofwork,approvedscopeofwork,status,commercialorresidential,address,zip,council_district,contractorname,contractoraddress1,contractorcity,contractorstate,contractorzip,opa_owner,permitissuedate,matched_trades
ZP-2026-009213,Zoning,Zoning Permit,Signs (Accessory / Non-Accessory),"FOR THE ERECTION OF ONE (1) WALL SIGN WITH STATICALLY ILLUMINATED LETTERS, ONE (1) NON-ILLUMMINATED WALL SIGN AND REPLACE TWO (2) PANELS OF EXISTING DOUBLE-FACED FREESTANDING SIGN. SIZE AND LOCATION AS SHOWN IN PLAN.",Issued,Commercial,2320-26 FAIRMOUNT AVE,19130-2519,5,FORMAN SIGN COMPANY INC,"FORMAN SIGN COMPANY INC
10447 DRUMMOND RD
PHILADELPHIA, PA  19146
USA",,,,FAIRMOUNT CVS PARTNERS,2026-09-24T16:58:03Z,signs
GP-2026-004977,General,General Permit,Sign,"FOR THE ERECTION OF TWO (2) STATIC ILLUMINATED WALL SIGNS ON AN EXISTING STRUCTURE AND TWO (2) STATIC ILLUMINATED FREESTANDING SIGNS. ALL WORK TO BE DONE PER APPROVED PLANS. IF FIELD CONDITIONS VARY CONTACT DESIGN ENGINEER PRIOR TO THE START OF ANY WORK. SEPARATE PERMITS REQUIRED FOR ALL OTHER WORK, INCLUDING ALL ELECTRICAL WORK.",Issued,Commercial,4109 WALNUT ST,19104-3510,3,,,,,,"CAMPUS REALTY, PROPERTIES V LP",2026-09-24T04:00:00Z,signs
EP-2026-006787,Electrical,Electrical Permit,Addition and/or Alteration,"Provide install (1) exit sign with double head remote and wiring.  Provide and install (1) Low Voltage double head remote and wiring. Electrical fit out for kitchen, per plans as per 2017 NEC.  Install fire alarm notification appliances and tie in kitchen hood as per 2016 NFPA 72.",Issued,Commercial,301 E GODFREY AVE,19120-1618,9,ECHO HOUSE GENERAL CONTRACTING LLC,"ECHO HOUSE GENERAL CONTRACTING LLC
4823 Baltimore Ave
Philadelphia, PA  19143
USA",,,,301 E GODFREY ASSOCIATES LLC,2026-09-24T04:00:00Z,kitchen_bath;signs
GP-2026-006489,General,General Permit,Sign,FOR THE REFACING OF EXISTING AWNING SIGNS. SIZE AND LOCATION AS SHOWN IN THE APPLICATION / PLANS.,Issued,Commercial,1928 S 9TH ST,19148-2349,1,,,,,,WANG MIAO,2026-09-24T04:00:00Z,signs
ZP-2026-008334,Zoning,Zoning Permit,Signs (Accessory / Non-Accessory),"FOR THE ERECTION OF FOUR (4) STATICALLY ILLUMINATED WALL SIGNS, ONE (1) NON-ILLUMINATED CLEARANCE SIGN, ONE (1) ORDER CANOPY WITH LED LIGHT (CLEARANCE SIGN), REPLACE TWO (2) PANELS WITH NEW SIGNS AND REPLACE TWO (2) LOWER PANELS WITH NO COPY ON EXISTING DOUBLE SIDED FREESTANDING SIGN AND INSTALL ONE (1) PICK UP WINDOW CANOPY WITH NO COPY. SIZE AND LOCATION AS SHOWN IN PLAN.",Issued,Commercial,8764 FRANKFORD AVE,19136-1315,6,EZ SIGNS & SERVICES LLC,"EZ SIGNS & SERVICES LLC
1839 Bustleton Pike
Feasterville-Trevose, PA  19053
USA",,,,8764 FRANKFORD INC,2026-09-23T15:06:00Z,signs
ZP-2026-009302,Zoning,Zoning Permit,Signs (Accessory / Non-Accessory),FOR THE ERECTION OF ONE (1) ACCESSORY DOUBLE-FACED PROJECTING SIGN. SIZE AND LOCATION AS SHOWN IN PLANS.,Issued,Commercial,833 MARKET ST,19107-2100,1,EZ SIGNS & SERVICES LLC,"EZ SIGNS & SERVICES LLC
1839 Bustleton Pike
Feasterville-Trevose, PA  19053
USA",,,,PR GALLERY I LIMITED PARTNERSHIP,2026-09-23T14:23:33Z,signs
GP-2026-007783,General,General Permit,Sign,FOR ERECTION OF ONE (1) ILLUMINATED ACCESSORY FLAT WALL SIGN ON EXISTING STRUCTURE. SIZE AND LOCATION AS SHOWN ON THE APPLICATION / PLAN. **SEPARATE PERMITS TO BE OBTAINED FOR ALL ELECTRICAL WORK.**,Issued,Commercial,2281 OREGON AVE,19145-4241,2,,,,,,CEDAR-SOUTH PHILADELPHIA,2026-09-23T04:00:00Z,signs
GP-2026-007195,General,General Permit,Sign,FOR THE ERECTION OF ONE (1) NON-ILLUMINATED ACCESSORY WALL SIGN.,Issued,Commercial,1733 SOUTH ST,19146-1528,2,,,,,,UNTERMEYER MICHAEL,2026-09-23T04:00:00Z,signs
GP-2026-007248,General,General Permit,Sign,"FOR THE INSTALLATION OF TWO (2) STATICALLY ILLUMINATED WALL SIGN. AS PER APPROVED PLANS.
******SEPARATE ELECTRICAL PERMIT REQUIRED. *************",Issued,Commercial,3200 RED LION RD,19114-1109,10,,,,,,ACADEMY PLAZA L L C 1,2026-09-23T04:00:00Z,signs
GP-2026-006856,General,General Permit,Sign,FOR THE INSTALLATION OF ONE (1) NON-ILLUMINATED WALL SIGN. SIZE AND LOCATION AS SHOWN IN APPLICATION/PLANS. SIGN ACCESSORY TO A WAREHOUSE.,Issued,Commercial,6310 W PASSYUNK AVE,19153-3517,2,,,,,,BP POINT BREEZE LLC,2026-09-22T04:00:00Z,signs
GP-2026-003522,General,General Permit,Sign,FOR THE INSTALLATION OF ONE (1) STATICALLY ILLUMINATED ACCESSORY WALL SIGN  **SEPARATE PERMIT REQUIRED FOR ELECTRICAL WORK**,Issued,Commercial,2301 GRAYS FERRY AVE,19146-1136,2,,,,,,2301 GRAYS FERRY AVENUE L,2026-09-22T04:00:00Z,signs
GP-2026-007615,General,General Permit,Sign,"FOR THE INSTALLATION OF WALL PANEL, TWO (2) FACELIT GREEN BANDING, AND TWO (2) STATICALLY ILLUMINATED FLAT WALL SIGNS. AS PER APPROVED PLANS. SEPARATE ELECTRICAL PERMIT REQUIRED.",Issued,Commercial,3650-54 N BROAD ST,19140-4135,8,,,,,,L W PROPERTIES,2026-09-22T04:00:00Z,signs
GP-2026-007555,General,General Permit,Sign,"FOR THE INSTALLATION OF ONE (1) NON-ILLUMINATED FLAT WALL SIGNS ON EXISTING STRUCTURE. AS PER APPROVED PLANS.
",Issued,Commercial,2201 PENROSE AVE,19145-5575,2,,,,,,PENROSE AVE PA REALTY LP,2026-09-18T04:00:00Z,signs
ZP-2026-008837,Zoning,Zoning Permit,Signs (Accessory / Non-Accessory),For the installation of one (1) statically illuminated wall sign accessory to the building use. Size and location as shown in application/plans.,Issued,Commercial,1118 SPRING GARDEN ST,19123-3316,1,SCL Consulting LLC,"SCL Consulting LLC
1100 Vine Street
P201
PHILADELPHIA, PA  19107
USA",,,,LIU MEI XIAN,2026-09-17T21:51:41Z,signs
ZP-2026-008584,Zoning,Zoning Permit,Signs (Accessory / Non-Accessory),FOR THE ERECTION OF ONE (1) NON-ILLUMINATED ACCESSORY WALL SIGN. SIZE AND LOCATION AS SHOWN IN PLANS.,Issued,Commercial,9898 E ROOSEVELT BLVD,19115-1723,10,EZ SIGNS & SERVICES LLC,"EZ SIGNS & SERVICES LLC
1839 Bustleton Pike
Feasterville-Trevose, PA  19053
USA",,,,CARLTON 262 RED LION LLC,2026-09-17T16:31:21Z,signs
ZP-2026-009067,Zoning,Zoning Permit,Signs (Accessory / Non-Accessory),For the installation of two (2) wall signs to replace existing sign cabinets. Size and location as shown in plans. ,Issued,Commercial,830 WALNUT ST,19107-5109,1,RUTH E BROWN,"RUTH E BROWN
101 LIBERTY DRIVE
BENSALEM, PA  19020
USA",,,,,2026-09-17T13:43:04Z,signs
ZP-2026-008643,Zoning,Zoning Permit,Signs (Accessory / Non-Accessory),"FOR THE ERECTION OF THREE (3) ACCESSORY SIGNS: ONE (1) INTERNALLY ILLUMINATED FREESTANDING (PYLON) SIGN, DOUBLE-SIDED, 18’-11” H X 8’-3 3/8” W, WITH ELECTRONICALLY CHANGEABLE GAS-PRICE DISPLAYS; AND TWO (2) INTERNALLY ILLUMINATED FLAT-WALL/CHANNEL-LETTER SIGNS: ONE (1) 44-IN. CHANNEL-LETTER SIGN, SINGLE-SIDED, 5’-6 1/4” H X 12’-1 11/16” W, AND ONE (1) 32-IN. CHANNEL-LETTER SIGN, SINGLE-SIDED, 4’-3 13/16” H X 9’-2 5/8” W; SIGNS ACCESSORY TO THE EXISTING CONVENIENCE STORE AND VEHICLE FUELING STATION; SIZE AND LOCATION AS SHOWN ON THE APPROVED PLANS.",Issued,Commercial,9307 KREWSTOWN RD,19115-3710,10,"Condor Capital Holdco, Inc.","Condor Capital Holdco, Inc.
2333 Concord Rd
Chester Township, PA  19013
USA",,,,POSEL CORPORATION,2026-09-17T12:44:03Z,signs
GP-2026-007771,General,General Permit,Sign,"FOR REMOVAL FOUR (4) EXISTING FLAT WALL SIGNS AND REPLACE WITH FOUR (4) ILLUMINATED FLAT WALL SIGNS, AND REMOVAL TWO (2) EXISTING FLAT WALL SIGNS AND REPLACE WITH TWO (2) NON-ILLUMINATED FLAT WALL SIGNS, AND REMOVAL FOUR (4) EXISTING DOUBLE FACED PROJECTING BLADE SIGNS AND REPLACE WITH FOUR (4) ILLUMINATED DOUBLE FACED PROJECTING BLADE SIGNS. ALL WORK TO BE DONE PER APPROVED PLANS. IF FIELD CONDITIONS VARY CONTACT DESIGN ENGINEER PRIOR TO THE START OF ANY WORK. SEPARATE PERMITS REQUIRED FOR ALL OTHER WORK, INCLUDING ALL ELECTRICAL WORK.",Issued,Commercial,833 MARKET ST,19107-2100,1,,,,,,PR GALLERY I LIMITED PARTNERSHIP,2026-09-17T04:00:00Z,signs
GP-2026-007187,General,General Permit,Sign,FOR THE INSTALLATION OF ONE (1) NON-ILLUMINATED FLAT WALL SIGN PER APPROVED PLANS.,Issued,Commercial,126 LOMBARD ST,19147-1602,1,,,,,,SOCIETY HILL ESTATE LLC,2026-09-17T04:00:00Z,signs
EP-2026-008694,Electrical,Electrical Permit,Addition and/or Alteration,"Connect 4 new signs to existing sign circuits.  No new wiring.  General Permit #GP-2026-006436

All work to be perform according to the 2020 NEC and per executed contract.",Issued,Commercial,9307 KREWSTOWN RD,19115-3710,10,GOLDSMITH ASSOCIATES INC,"GOLDSMITH ASSOCIATES INC
15 PICKWICK DR
MARLTON, NJ  08053
USA",,,,POSEL CORPORATION,2026-09-16T04:00:00Z,signs
EP-2026-008080,Electrical,Electrical Permit,Addition and/or Alteration,"Install temporary lighting, switches, egress signage, convenience receptacles, and provide power to RTU(s) as per 2017 NEC.",Issued,Commercial,2327-83 COTTMAN AVE,19149-1002,6,Robert A Parissi Electrical Contractor,"Robert A Parissi Electrical Contractor
3023 Winchester ave
Philadelphia, PA  19136
USA",,,,CENTRO NP ROOSEVELT MALL OWNER LLC,2026-09-16T04:00:00Z,signs
ZP-2026-008244,Zoning,Zoning Permit,Signs (Accessory / Non-Accessory),For the Erection of One non-illuminated wall sign and one non-illuminated D/S projecting sign. Size and location as per approved plans. ,Issued,Commercial,1500 FRANKFORD AVE,19125-4412,5,RUTH E BROWN,"RUTH E BROWN
101 LIBERTY DRIVE
BENSALEM, PA  19020
USA",,,,1500 FRANKFORD OWNER LLC,2026-09-15T13:42:19Z,signs
GP-2026-007325,General,General Permit,Sign,FOR THE INSTALLATION OF TWO (2) STATICALLY ILLUMINATED WALL SIGNS. **SEPARATE PERMIT REQUIRED FOR ANY ELECTRICAL WORK**,Issued,Commercial,225 N 38TH ST,19104,3,,,,,,,2026-09-15T04:00:00Z,signs
ZP-2026-008466,Zoning,Zoning Permit,Signs (Accessory / Non-Accessory),"FOR THE ERECTION OF ONE (1) MARQUEE SIGN, ONE (1) NON-ILLUMINATED WALL SIGN, AND ONE (1) STATICALLY ILLUMINATED WALL SIGN. SIGNS ACCESSORY TO AN EXISTING SCHOOL. SIZE AND LOCATION AS PER THE APPROVED PLAN AND ART COMMISSION APPROVAL.",Issued,Commercial,201-11 S BROAD ST,19107-5303,1,DILWORTH PAXSON KALISH & KAUFFMAN,"DILWORTH PAXSON KALISH & KAUFFMAN
1650 Market Street
Suite 1200
Philadelphia, PA  19103
USA",,,,TEMPLE UNIVERSITY OF THE COMMONWEALTH SY,2026-09-14T23:03:51Z,signs
ZP-2026-008222,Zoning,Zoning Permit,Signs (Accessory / Non-Accessory),FOR THE ERECTION OF ONE (1) STATICALLY ILLUMINATED ACCESSORY WALL SIGN. SIZE AND LOCATION AS SHOWN IN PLANS.,Issued,Commercial,236 W ALLEGHENY AVE,19133-3629,7,DMITRY KIPERVAS,"DMITRY KIPERVAS
9986 Gantry Road
Suite 2
Phila, PA  19115
USA",,,,GROVERPETE LP,2026-09-14T21:17:02Z,signs
ZP-2026-009206,Zoning,Zoning Permit,Signs (Accessory / Non-Accessory),For the installation of one (1) statically illuminated wall sign and the documentation of refacing one (1) existing projecting sign. Size and location as shown in application/plans.,Issued,Commercial,2327-83 COTTMAN AVE,19149-1002,6,FORMAN SIGN COMPANY INC,"FORMAN SIGN COMPANY INC
10447 DRUMMOND RD
PHILADELPHIA, PA  19146
USA",,,,CENTRO NP ROOSEVELT MALL OWNER LLC,2026-09-14T19:20:47Z,signs
ZP-2026-008816,Zoning,Zoning Permit,Signs (Accessory / Non-Accessory),"For the installation of one (1) statically illuminated wall sign, replacement of (1) statically-illuminated freestanding sign, and the documentation of three (3) non-illuminated directional signs. Size and location as shown in applications/plans.",Issued,Commercial,7885 OXFORD AVE,19111-2218,10,MRC ELECTRIC,"MRC ELECTRIC
145 Railroad Dr, Ste C
Warminster, PA  18974
USA",,,,FLAGSHIP PENNSYLVANIA PROPCO LLC,2026-09-14T14:45:49Z,signs
GP-2026-007848,General,General Permit,Sign,"FOR THE ERECTION OF ONE (1) STATICALLY ILLUMINATED ACCESSORY WALL SIGN AND FOR THE REFACEMENT OF TWO (2) SINGLE FACED STATICALLY ILLUMINATED FREESTANDING SIGNS. ALL WORK TO BE DONE PER APPROVED PLANS. IF FIELD CONDITIONS VARY CONTACT DESIGN ENGINEER PRIOR TO THE START OF ANY WORK. SEPARATE PERMITS REQUIRED FOR ALL OTHER WORK, INCLUDING ALL ELECTRICAL WORK.",Issued,Commercial,9475-95 E ROOSEVELT BLVD,19114-2212,6,,,,,,GRANT ONE ASSOCIATES L P,2026-09-14T04:00:00Z,signs
GP-2026-007625,General,General Permit,Sign,"FOR THE REPLACEMENT OF THE EXISTING DOUBLE FACED, FREE STANDING SIGN WITH ELECTRONIC MESSAGE BOARD (ANIMATED), SIZE AND LOCATION AS SHOWN ON THE PLANS. **SEPARATE PERMIT REQUIRED FOR ANY ELECTRICAL WORK**",Issued,Commercial,5707 MCMAHON AVE,19144-1223,8,,,,,,SHEPHERDS HEART MINISTRY,2026-09-14T04:00:00Z,signs
GP-2026-006890,General,General Permit,Sign,"INSTALLATION OF TWO (2) STATICALLY ILLUMINATED FLAT-WALL SIGNS AND ONE (1) DOUBLE-FACED FREE-STANDING SIGN ON EXISTING SUPPORT POLE AS PER APPROVED PLANS. *2021 IBC REVIEW*
**SEPARATE PERMIT REQUIRED FOR ANY ELECTRICAL WORK**",Issued,Commercial,5700 OXFORD AVE,19149-3720,9,,,,,,MR OXFORD LLC,2026-09-14T04:00:00Z,signs
ZP-2026-007617,Zoning,Zoning Permit,Signs (Accessory / Non-Accessory),FOR THE INSTALLATION OF ONE (1) FLAT-WALL SIGN AND ONE (1) FLAT-WALL AWNING SIGN AND THE DOCUMENTATION OF WINDOW AND DOOR SIGNAGE. SIZE AND LOCATION AS SHOWN IN APPLICATION/PLANS. ,Issued,Commercial,5050 PARKSIDE AVE,19131-4714,4,"Continuum Architecture & Design, PC","Continuum Architecture & Design, PC
635 Addison Street
Philadelphia, PA  19147
USA",,,,,2026-09-13T15:41:12Z,signs
ZP-2026-009202,Zoning,Zoning Permit,Signs (Accessory / Non-Accessory),For the installation of one (1) statically illuminated wall sign accessory to existing use. Size and location as shown in plans.,Issued,Commercial,1020-84 N DELAWARE AVE,19125-4302,1,RUTH E BROWN,"RUTH E BROWN
101 LIBERTY DRIVE
BENSALEM, PA  19020
USA",,,,1080 DELAWARE AVE ASSOCIA,2026-09-11T16:44:46Z,signs
ZP-2026-008348,Zoning,Zoning Permit,Signs (Accessory / Non-Accessory),FOR THE REFACEMENT OF ONE (1) NON-ILLUMINATED ACCESSORY WALL SIGN. SIZE AND LOCATION AS SHOWN IN PLANS.,Issued,Commercial,7124-62 RIDGE AVE,19128-3250,4,SCL Consulting LLC,"SCL Consulting LLC
1100 Vine Street
P201
PHILADELPHIA, PA  19107
USA",,,,CENTRO NP IVYRIDGE SC LLC,2026-09-11T16:19:05Z,signs
GP-2026-007612,General,General Permit,Sign,"FOR THE INSTALLATION OF ONE (1) STATICALLY ILLUMINATED WALL SIGN. AS PER APPROVED PLANS.
*** SEPARATE ELECTRICAL PERMIT REQUIRED. ******",Issued,Commercial,2048 W OXFORD ST,19121-4002,5,,,,,,,2026-09-11T04:00:00Z,signs
